lb1,lb0,ub0,d,e11,e10,K,e21,e20,e00,e01,a1,ftype,max_err,c2,c1,c0,rms_err,ub1
0.010000000000000004,0.5,10.000000000000002,2,7.65904063821293,-4.065582093350948,3,0.0015300880625147343,-0.0015298443458273048,-1.1004031204514084,1.0935108307881274,0.0015292625045090727,SMA,0.0023263694903511156,1.0000051593308514,0.021004259603082262,0.0009505323257118838,0.0002542868618559484,0.4
