lb1,lb0,ub0,d,e11,e10,K,e21,e20,e00,e01,a1,ftype,max_err,c2,c1,c0,rms_err,ub1
0.010000000000000004,0.5,10.000000000000002,2,7.659056641309011,-4.065582034737603,3,1.0935107861770625,-1.1004030756488343,-0.0015298022663649826,0.0015300459763420253,0.0015292204410660424,SMA,0.0023263694193134954,0.0009505061749100381,0.02100399014999134,1.0000051591888044,0.0002542868545444498,0.4
