lb0,ub0,d,K,e00,a1,ftype,max_err,c0,rms_err
4.0,19.999999999999996,1,1,1.5809530455455987,1,MA,0.3443252350376764,3.444779388845395,0.10857246193847331
